frame_index,time_sec,timecode,scene_id
0,0.000,00:00:00.000,scene-0-opening
1,0.033,00:00:00.033,scene-0-opening
2,0.067,00:00:00.067,scene-0-opening
3,0.100,00:00:00.100,scene-0-opening
4,0.133,00:00:00.133,scene-0-opening
5,0.167,00:00:00.167,scene-0-opening
6,0.200,00:00:00.200,scene-0-opening
7,0.233,00:00:00.233,scene-0-opening
8,0.267,00:00:00.267,scene-0-opening
9,0.300,00:00:00.300,scene-0-opening
10,0.333,00:00:00.333,scene-0-opening
11,0.367,00:00:00.367,scene-0-opening
12,0.400,00:00:00.400,scene-0-opening
13,0.433,00:00:00.433,scene-0-opening
14,0.467,00:00:00.467,scene-0-opening
15,0.500,00:00:00.500,scene-0-opening
16,0.533,00:00:00.533,scene-0-opening
17,0.567,00:00:00.567,scene-0-opening
18,0.600,00:00:00.600,scene-0-opening
19,0.633,00:00:00.633,scene-0-opening
20,0.667,00:00:00.667,scene-0-opening
21,0.700,00:00:00.700,scene-0-opening
22,0.733,00:00:00.733,scene-0-opening
23,0.767,00:00:00.767,scene-0-opening
24,0.800,00:00:00.800,scene-0-opening
25,0.833,00:00:00.833,scene-0-opening
26,0.867,00:00:00.867,scene-0-opening
27,0.900,00:00:00.900,scene-0-opening
28,0.933,00:00:00.933,scene-0-opening
29,0.967,00:00:00.967,scene-0-opening
30,1.000,00:00:01.000,scene-0-opening
31,1.033,00:00:01.033,scene-0-opening
32,1.067,00:00:01.067,scene-0-opening
33,1.100,00:00:01.100,scene-0-opening
34,1.133,00:00:01.133,scene-0-opening
35,1.167,00:00:01.167,scene-0-opening
36,1.200,00:00:01.200,scene-0-opening
37,1.233,00:00:01.233,scene-0-opening
38,1.267,00:00:01.267,scene-0-opening
39,1.300,00:00:01.300,scene-0-opening
40,1.333,00:00:01.333,scene-0-opening
41,1.367,00:00:01.367,scene-0-opening
42,1.400,00:00:01.400,scene-0-opening
43,1.433,00:00:01.433,scene-0-opening
44,1.467,00:00:01.467,scene-0-opening
45,1.500,00:00:01.500,scene-0-opening
46,1.533,00:00:01.533,scene-0-opening
47,1.567,00:00:01.567,scene-0-opening
48,1.600,00:00:01.600,scene-0-opening
49,1.633,00:00:01.633,scene-0-opening
50,1.667,00:00:01.667,scene-0-opening
51,1.700,00:00:01.700,scene-0-opening
52,1.733,00:00:01.733,scene-0-opening
53,1.767,00:00:01.767,scene-0-opening
54,1.800,00:00:01.800,scene-0-opening
55,1.833,00:00:01.833,scene-0-opening
56,1.867,00:00:01.867,scene-0-opening
57,1.900,00:00:01.900,scene-0-opening
58,1.933,00:00:01.933,scene-0-opening
59,1.967,00:00:01.967,scene-0-opening
60,2.000,00:00:02.000,scene-0-opening
61,2.033,00:00:02.033,scene-0-opening
62,2.067,00:00:02.067,scene-0-opening
63,2.100,00:00:02.100,scene-0-opening
64,2.133,00:00:02.133,scene-0-opening
65,2.167,00:00:02.167,scene-0-opening
66,2.200,00:00:02.200,scene-0-opening
67,2.233,00:00:02.233,scene-0-opening
68,2.267,00:00:02.267,scene-0-opening
69,2.300,00:00:02.300,scene-0-opening
70,2.333,00:00:02.333,scene-0-opening
71,2.367,00:00:02.367,scene-0-opening
72,2.400,00:00:02.400,scene-0-opening
73,2.433,00:00:02.433,scene-0-opening
74,2.467,00:00:02.467,scene-0-opening
75,2.500,00:00:02.500,scene-0-opening
76,2.533,00:00:02.533,scene-0-opening
77,2.567,00:00:02.567,scene-0-opening
78,2.600,00:00:02.600,scene-0-opening
79,2.633,00:00:02.633,scene-0-opening
80,2.667,00:00:02.667,scene-0-opening
81,2.700,00:00:02.700,scene-0-opening
82,2.733,00:00:02.733,scene-0-opening
83,2.767,00:00:02.767,scene-0-opening
84,2.800,00:00:02.800,scene-0-opening
85,2.833,00:00:02.833,scene-0-opening
86,2.867,00:00:02.867,scene-0-opening
87,2.900,00:00:02.900,scene-0-opening
88,2.933,00:00:02.933,scene-0-opening
89,2.967,00:00:02.967,scene-0-opening
90,3.000,00:00:03.000,scene-0-opening
91,3.033,00:00:03.033,scene-0-opening
92,3.067,00:00:03.067,scene-0-opening
93,3.100,00:00:03.100,scene-0-opening
94,3.133,00:00:03.133,scene-0-opening
95,3.167,00:00:03.167,scene-0-opening
96,3.200,00:00:03.200,scene-0-opening
97,3.233,00:00:03.233,scene-0-opening
98,3.267,00:00:03.267,scene-0-opening
99,3.300,00:00:03.300,scene-0-opening
100,3.333,00:00:03.333,scene-0-opening
101,3.367,00:00:03.367,scene-0-opening
102,3.400,00:00:03.400,scene-0-opening
103,3.433,00:00:03.433,scene-0-opening
104,3.467,00:00:03.467,scene-0-opening
105,3.500,00:00:03.500,scene-0-opening
106,3.533,00:00:03.533,scene-0-opening
107,3.567,00:00:03.567,scene-0-opening
108,3.600,00:00:03.600,scene-0-opening
109,3.633,00:00:03.633,scene-0-opening
110,3.667,00:00:03.667,scene-0-opening
111,3.700,00:00:03.700,scene-0-opening
112,3.733,00:00:03.733,scene-0-opening
113,3.767,00:00:03.767,scene-0-opening
114,3.800,00:00:03.800,scene-0-opening
115,3.833,00:00:03.833,scene-0-opening
116,3.867,00:00:03.867,scene-0-opening
117,3.900,00:00:03.900,scene-0-opening
118,3.933,00:00:03.933,scene-0-opening
119,3.967,00:00:03.967,scene-0-opening
120,4.000,00:00:04.000,scene-0-opening
121,4.033,00:00:04.033,scene-0-opening
122,4.067,00:00:04.067,scene-0-opening
123,4.100,00:00:04.100,scene-0-opening
124,4.133,00:00:04.133,scene-0-opening
125,4.167,00:00:04.167,scene-0-opening
126,4.200,00:00:04.200,scene-0-opening
127,4.233,00:00:04.233,scene-0-opening
128,4.267,00:00:04.267,scene-0-opening
129,4.300,00:00:04.300,scene-0-opening
130,4.333,00:00:04.333,scene-0-opening
131,4.367,00:00:04.367,scene-0-opening
132,4.400,00:00:04.400,scene-0-opening
133,4.433,00:00:04.433,scene-0-opening
134,4.467,00:00:04.467,scene-0-opening
135,4.500,00:00:04.500,scene-0-opening
136,4.533,00:00:04.533,scene-0-opening
137,4.567,00:00:04.567,scene-0-opening
138,4.600,00:00:04.600,scene-0-opening
139,4.633,00:00:04.633,scene-0-opening
140,4.667,00:00:04.667,scene-0-opening
141,4.700,00:00:04.700,scene-0-opening
142,4.733,00:00:04.733,scene-0-opening
143,4.767,00:00:04.767,scene-0-opening
144,4.800,00:00:04.800,scene-0-opening
145,4.833,00:00:04.833,scene-0-opening
146,4.867,00:00:04.867,scene-0-opening
147,4.900,00:00:04.900,scene-0-opening
148,4.933,00:00:04.933,scene-0-opening
149,4.967,00:00:04.967,scene-0-opening
150,5.000,00:00:05.000,scene-0-opening
151,5.033,00:00:05.033,scene-0-opening
152,5.067,00:00:05.067,scene-0-opening
153,5.100,00:00:05.100,scene-0-opening
154,5.133,00:00:05.133,scene-0-opening
155,5.167,00:00:05.167,scene-0-opening
156,5.200,00:00:05.200,scene-0-opening
157,5.233,00:00:05.233,scene-0-opening
158,5.267,00:00:05.267,scene-0-opening
159,5.300,00:00:05.300,scene-0-opening
160,5.333,00:00:05.333,scene-0-opening
161,5.367,00:00:05.367,scene-0-opening
162,5.400,00:00:05.400,scene-0-opening
163,5.433,00:00:05.433,scene-0-opening
164,5.467,00:00:05.467,scene-0-opening
165,5.500,00:00:05.500,scene-0-opening
166,5.533,00:00:05.533,scene-0-opening
167,5.567,00:00:05.567,scene-0-opening
168,5.600,00:00:05.600,scene-0-opening
169,5.633,00:00:05.633,scene-0-opening
170,5.667,00:00:05.667,scene-0-opening
171,5.700,00:00:05.700,scene-0-opening
172,5.733,00:00:05.733,scene-0-opening
173,5.767,00:00:05.767,scene-0-opening
174,5.800,00:00:05.800,scene-0-opening
175,5.833,00:00:05.833,scene-0-opening
176,5.867,00:00:05.867,scene-0-opening
177,5.900,00:00:05.900,scene-0-opening
178,5.933,00:00:05.933,scene-0-opening
179,5.967,00:00:05.967,scene-0-opening
180,6.000,00:00:06.000,scene-1-question
181,6.033,00:00:06.033,scene-1-question
182,6.067,00:00:06.067,scene-1-question
183,6.100,00:00:06.100,scene-1-question
184,6.133,00:00:06.133,scene-1-question
185,6.167,00:00:06.167,scene-1-question
186,6.200,00:00:06.200,scene-1-question
187,6.233,00:00:06.233,scene-1-question
188,6.267,00:00:06.267,scene-1-question
189,6.300,00:00:06.300,scene-1-question
190,6.333,00:00:06.333,scene-1-question
191,6.367,00:00:06.367,scene-1-question
192,6.400,00:00:06.400,scene-1-question
193,6.433,00:00:06.433,scene-1-question
194,6.467,00:00:06.467,scene-1-question
195,6.500,00:00:06.500,scene-1-question
196,6.533,00:00:06.533,scene-1-question
197,6.567,00:00:06.567,scene-1-question
198,6.600,00:00:06.600,scene-1-question
199,6.633,00:00:06.633,scene-1-question
200,6.667,00:00:06.667,scene-1-question
201,6.700,00:00:06.700,scene-1-question
202,6.733,00:00:06.733,scene-1-question
203,6.767,00:00:06.767,scene-1-question
204,6.800,00:00:06.800,scene-1-question
205,6.833,00:00:06.833,scene-1-question
206,6.867,00:00:06.867,scene-1-question
207,6.900,00:00:06.900,scene-1-question
208,6.933,00:00:06.933,scene-1-question
209,6.967,00:00:06.967,scene-1-question
210,7.000,00:00:07.000,scene-1-question
211,7.033,00:00:07.033,scene-1-question
212,7.067,00:00:07.067,scene-1-question
213,7.100,00:00:07.100,scene-1-question
214,7.133,00:00:07.133,scene-1-question
215,7.167,00:00:07.167,scene-1-question
216,7.200,00:00:07.200,scene-1-question
217,7.233,00:00:07.233,scene-1-question
218,7.267,00:00:07.267,scene-1-question
219,7.300,00:00:07.300,scene-1-question
220,7.333,00:00:07.333,scene-1-question
221,7.367,00:00:07.367,scene-1-question
222,7.400,00:00:07.400,scene-1-question
223,7.433,00:00:07.433,scene-1-question
224,7.467,00:00:07.467,scene-1-question
225,7.500,00:00:07.500,scene-1-question
226,7.533,00:00:07.533,scene-1-question
227,7.567,00:00:07.567,scene-1-question
228,7.600,00:00:07.600,scene-1-question
229,7.633,00:00:07.633,scene-1-question
230,7.667,00:00:07.667,scene-1-question
231,7.700,00:00:07.700,scene-1-question
232,7.733,00:00:07.733,scene-1-question
233,7.767,00:00:07.767,scene-1-question
234,7.800,00:00:07.800,scene-1-question
235,7.833,00:00:07.833,scene-1-question
236,7.867,00:00:07.867,scene-1-question
237,7.900,00:00:07.900,scene-1-question
238,7.933,00:00:07.933,scene-1-question
239,7.967,00:00:07.967,scene-1-question
240,8.000,00:00:08.000,scene-1-question
241,8.033,00:00:08.033,scene-1-question
242,8.067,00:00:08.067,scene-1-question
243,8.100,00:00:08.100,scene-1-question
244,8.133,00:00:08.133,scene-1-question
245,8.167,00:00:08.167,scene-1-question
246,8.200,00:00:08.200,scene-1-question
247,8.233,00:00:08.233,scene-1-question
248,8.267,00:00:08.267,scene-1-question
249,8.300,00:00:08.300,scene-1-question
250,8.333,00:00:08.333,scene-1-question
251,8.367,00:00:08.367,scene-1-question
252,8.400,00:00:08.400,scene-1-question
253,8.433,00:00:08.433,scene-1-question
254,8.467,00:00:08.467,scene-1-question
255,8.500,00:00:08.500,scene-1-question
256,8.533,00:00:08.533,scene-1-question
257,8.567,00:00:08.567,scene-1-question
258,8.600,00:00:08.600,scene-1-question
259,8.633,00:00:08.633,scene-1-question
260,8.667,00:00:08.667,scene-1-question
261,8.700,00:00:08.700,scene-1-question
262,8.733,00:00:08.733,scene-1-question
263,8.767,00:00:08.767,scene-1-question
264,8.800,00:00:08.800,scene-1-question
265,8.833,00:00:08.833,scene-1-question
266,8.867,00:00:08.867,scene-1-question
267,8.900,00:00:08.900,scene-1-question
268,8.933,00:00:08.933,scene-1-question
269,8.967,00:00:08.967,scene-1-question
270,9.000,00:00:09.000,scene-1-question
271,9.033,00:00:09.033,scene-1-question
272,9.067,00:00:09.067,scene-1-question
273,9.100,00:00:09.100,scene-1-question
274,9.133,00:00:09.133,scene-1-question
275,9.167,00:00:09.167,scene-1-question
276,9.200,00:00:09.200,scene-1-question
277,9.233,00:00:09.233,scene-1-question
278,9.267,00:00:09.267,scene-1-question
279,9.300,00:00:09.300,scene-1-question
280,9.333,00:00:09.333,scene-1-question
281,9.367,00:00:09.367,scene-1-question
282,9.400,00:00:09.400,scene-1-question
283,9.433,00:00:09.433,scene-1-question
284,9.467,00:00:09.467,scene-1-question
285,9.500,00:00:09.500,scene-1-question
286,9.533,00:00:09.533,scene-1-question
287,9.567,00:00:09.567,scene-1-question
288,9.600,00:00:09.600,scene-1-question
289,9.633,00:00:09.633,scene-1-question
290,9.667,00:00:09.667,scene-1-question
291,9.700,00:00:09.700,scene-1-question
292,9.733,00:00:09.733,scene-1-question
293,9.767,00:00:09.767,scene-1-question
294,9.800,00:00:09.800,scene-1-question
295,9.833,00:00:09.833,scene-1-question
296,9.867,00:00:09.867,scene-1-question
297,9.900,00:00:09.900,scene-1-question
298,9.933,00:00:09.933,scene-1-question
299,9.967,00:00:09.967,scene-1-question
300,10.000,00:00:10.000,scene-1-question
301,10.033,00:00:10.033,scene-1-question
302,10.067,00:00:10.067,scene-1-question
303,10.100,00:00:10.100,scene-1-question
304,10.133,00:00:10.133,scene-1-question
305,10.167,00:00:10.167,scene-1-question
306,10.200,00:00:10.200,scene-1-question
307,10.233,00:00:10.233,scene-1-question
308,10.267,00:00:10.267,scene-1-question
309,10.300,00:00:10.300,scene-1-question
310,10.333,00:00:10.333,scene-1-question
311,10.367,00:00:10.367,scene-1-question
312,10.400,00:00:10.400,scene-1-question
313,10.433,00:00:10.433,scene-1-question
314,10.467,00:00:10.467,scene-1-question
315,10.500,00:00:10.500,scene-1-question
316,10.533,00:00:10.533,scene-1-question
317,10.567,00:00:10.567,scene-1-question
318,10.600,00:00:10.600,scene-1-question
319,10.633,00:00:10.633,scene-1-question
320,10.667,00:00:10.667,scene-1-question
321,10.700,00:00:10.700,scene-1-question
322,10.733,00:00:10.733,scene-1-question
323,10.767,00:00:10.767,scene-1-question
324,10.800,00:00:10.800,scene-1-question
325,10.833,00:00:10.833,scene-1-question
326,10.867,00:00:10.867,scene-1-question
327,10.900,00:00:10.900,scene-1-question
328,10.933,00:00:10.933,scene-1-question
329,10.967,00:00:10.967,scene-1-question
330,11.000,00:00:11.000,scene-1-question
331,11.033,00:00:11.033,scene-1-question
332,11.067,00:00:11.067,scene-1-question
333,11.100,00:00:11.100,scene-1-question
334,11.133,00:00:11.133,scene-1-question
335,11.167,00:00:11.167,scene-1-question
336,11.200,00:00:11.200,scene-1-question
337,11.233,00:00:11.233,scene-1-question
338,11.267,00:00:11.267,scene-1-question
339,11.300,00:00:11.300,scene-1-question
340,11.333,00:00:11.333,scene-1-question
341,11.367,00:00:11.367,scene-1-question
342,11.400,00:00:11.400,scene-1-question
343,11.433,00:00:11.433,scene-1-question
344,11.467,00:00:11.467,scene-1-question
345,11.500,00:00:11.500,scene-1-question
346,11.533,00:00:11.533,scene-1-question
347,11.567,00:00:11.567,scene-1-question
348,11.600,00:00:11.600,scene-1-question
349,11.633,00:00:11.633,scene-1-question
350,11.667,00:00:11.667,scene-1-question
351,11.700,00:00:11.700,scene-1-question
352,11.733,00:00:11.733,scene-1-question
353,11.767,00:00:11.767,scene-1-question
354,11.800,00:00:11.800,scene-1-question
355,11.833,00:00:11.833,scene-1-question
356,11.867,00:00:11.867,scene-1-question
357,11.900,00:00:11.900,scene-1-question
358,11.933,00:00:11.933,scene-1-question
359,11.967,00:00:11.967,scene-1-question
360,12.000,00:00:12.000,scene-2-thinking
361,12.033,00:00:12.033,scene-2-thinking
362,12.067,00:00:12.067,scene-2-thinking
363,12.100,00:00:12.100,scene-2-thinking
364,12.133,00:00:12.133,scene-2-thinking
365,12.167,00:00:12.167,scene-2-thinking
366,12.200,00:00:12.200,scene-2-thinking
367,12.233,00:00:12.233,scene-2-thinking
368,12.267,00:00:12.267,scene-2-thinking
369,12.300,00:00:12.300,scene-2-thinking
370,12.333,00:00:12.333,scene-2-thinking
371,12.367,00:00:12.367,scene-2-thinking
372,12.400,00:00:12.400,scene-2-thinking
373,12.433,00:00:12.433,scene-2-thinking
374,12.467,00:00:12.467,scene-2-thinking
375,12.500,00:00:12.500,scene-2-thinking
376,12.533,00:00:12.533,scene-2-thinking
377,12.567,00:00:12.567,scene-2-thinking
378,12.600,00:00:12.600,scene-2-thinking
379,12.633,00:00:12.633,scene-2-thinking
380,12.667,00:00:12.667,scene-2-thinking
381,12.700,00:00:12.700,scene-2-thinking
382,12.733,00:00:12.733,scene-2-thinking
383,12.767,00:00:12.767,scene-2-thinking
384,12.800,00:00:12.800,scene-2-thinking
385,12.833,00:00:12.833,scene-2-thinking
386,12.867,00:00:12.867,scene-2-thinking
387,12.900,00:00:12.900,scene-2-thinking
388,12.933,00:00:12.933,scene-2-thinking
389,12.967,00:00:12.967,scene-2-thinking
390,13.000,00:00:13.000,scene-2-thinking
391,13.033,00:00:13.033,scene-2-thinking
392,13.067,00:00:13.067,scene-2-thinking
393,13.100,00:00:13.100,scene-2-thinking
394,13.133,00:00:13.133,scene-2-thinking
395,13.167,00:00:13.167,scene-2-thinking
396,13.200,00:00:13.200,scene-2-thinking
397,13.233,00:00:13.233,scene-2-thinking
398,13.267,00:00:13.267,scene-2-thinking
399,13.300,00:00:13.300,scene-2-thinking
400,13.333,00:00:13.333,scene-2-thinking
401,13.367,00:00:13.367,scene-2-thinking
402,13.400,00:00:13.400,scene-2-thinking
403,13.433,00:00:13.433,scene-2-thinking
404,13.467,00:00:13.467,scene-2-thinking
405,13.500,00:00:13.500,scene-2-thinking
406,13.533,00:00:13.533,scene-2-thinking
407,13.567,00:00:13.567,scene-2-thinking
408,13.600,00:00:13.600,scene-2-thinking
409,13.633,00:00:13.633,scene-2-thinking
410,13.667,00:00:13.667,scene-2-thinking
411,13.700,00:00:13.700,scene-2-thinking
412,13.733,00:00:13.733,scene-2-thinking
413,13.767,00:00:13.767,scene-2-thinking
414,13.800,00:00:13.800,scene-2-thinking
415,13.833,00:00:13.833,scene-2-thinking
416,13.867,00:00:13.867,scene-2-thinking
417,13.900,00:00:13.900,scene-2-thinking
418,13.933,00:00:13.933,scene-2-thinking
419,13.967,00:00:13.967,scene-2-thinking
420,14.000,00:00:14.000,scene-2-thinking
421,14.033,00:00:14.033,scene-2-thinking
422,14.067,00:00:14.067,scene-2-thinking
423,14.100,00:00:14.100,scene-2-thinking
424,14.133,00:00:14.133,scene-2-thinking
425,14.167,00:00:14.167,scene-2-thinking
426,14.200,00:00:14.200,scene-2-thinking
427,14.233,00:00:14.233,scene-2-thinking
428,14.267,00:00:14.267,scene-2-thinking
429,14.300,00:00:14.300,scene-2-thinking
430,14.333,00:00:14.333,scene-2-thinking
431,14.367,00:00:14.367,scene-2-thinking
432,14.400,00:00:14.400,scene-2-thinking
433,14.433,00:00:14.433,scene-2-thinking
434,14.467,00:00:14.467,scene-2-thinking
435,14.500,00:00:14.500,scene-2-thinking
436,14.533,00:00:14.533,scene-2-thinking
437,14.567,00:00:14.567,scene-2-thinking
438,14.600,00:00:14.600,scene-2-thinking
439,14.633,00:00:14.633,scene-2-thinking
440,14.667,00:00:14.667,scene-2-thinking
441,14.700,00:00:14.700,scene-2-thinking
442,14.733,00:00:14.733,scene-2-thinking
443,14.767,00:00:14.767,scene-2-thinking
444,14.800,00:00:14.800,scene-2-thinking
445,14.833,00:00:14.833,scene-2-thinking
446,14.867,00:00:14.867,scene-2-thinking
447,14.900,00:00:14.900,scene-2-thinking
448,14.933,00:00:14.933,scene-2-thinking
449,14.967,00:00:14.967,scene-2-thinking
450,15.000,00:00:15.000,scene-2-thinking
451,15.033,00:00:15.033,scene-2-thinking
452,15.067,00:00:15.067,scene-2-thinking
453,15.100,00:00:15.100,scene-2-thinking
454,15.133,00:00:15.133,scene-2-thinking
455,15.167,00:00:15.167,scene-2-thinking
456,15.200,00:00:15.200,scene-3-answer
457,15.233,00:00:15.233,scene-3-answer
458,15.267,00:00:15.267,scene-3-answer
459,15.300,00:00:15.300,scene-3-answer
460,15.333,00:00:15.333,scene-3-answer
461,15.367,00:00:15.367,scene-3-answer
462,15.400,00:00:15.400,scene-3-answer
463,15.433,00:00:15.433,scene-3-answer
464,15.467,00:00:15.467,scene-3-answer
465,15.500,00:00:15.500,scene-3-answer
466,15.533,00:00:15.533,scene-3-answer
467,15.567,00:00:15.567,scene-3-answer
468,15.600,00:00:15.600,scene-3-answer
469,15.633,00:00:15.633,scene-3-answer
470,15.667,00:00:15.667,scene-3-answer
471,15.700,00:00:15.700,scene-3-answer
472,15.733,00:00:15.733,scene-3-answer
473,15.767,00:00:15.767,scene-3-answer
474,15.800,00:00:15.800,scene-3-answer
475,15.833,00:00:15.833,scene-3-answer
476,15.867,00:00:15.867,scene-3-answer
477,15.900,00:00:15.900,scene-3-answer
478,15.933,00:00:15.933,scene-3-answer
479,15.967,00:00:15.967,scene-3-answer
480,16.000,00:00:16.000,scene-3-answer
481,16.033,00:00:16.033,scene-3-answer
482,16.067,00:00:16.067,scene-3-answer
483,16.100,00:00:16.100,scene-3-answer
484,16.133,00:00:16.133,scene-3-answer
485,16.167,00:00:16.167,scene-3-answer
486,16.200,00:00:16.200,scene-3-answer
487,16.233,00:00:16.233,scene-3-answer
488,16.267,00:00:16.267,scene-3-answer
489,16.300,00:00:16.300,scene-3-answer
490,16.333,00:00:16.333,scene-3-answer
491,16.367,00:00:16.367,scene-3-answer
492,16.400,00:00:16.400,scene-3-answer
493,16.433,00:00:16.433,scene-3-answer
494,16.467,00:00:16.467,scene-3-answer
495,16.500,00:00:16.500,scene-3-answer
496,16.533,00:00:16.533,scene-3-answer
497,16.567,00:00:16.567,scene-3-answer
498,16.600,00:00:16.600,scene-3-answer
499,16.633,00:00:16.633,scene-3-answer
500,16.667,00:00:16.667,scene-3-answer
501,16.700,00:00:16.700,scene-3-answer
502,16.733,00:00:16.733,scene-3-answer
503,16.767,00:00:16.767,scene-3-answer
504,16.800,00:00:16.800,scene-3-answer
505,16.833,00:00:16.833,scene-3-answer
506,16.867,00:00:16.867,scene-3-answer
507,16.900,00:00:16.900,scene-3-answer
508,16.933,00:00:16.933,scene-3-answer
509,16.967,00:00:16.967,scene-3-answer
510,17.000,00:00:17.000,scene-3-answer
511,17.033,00:00:17.033,scene-3-answer
512,17.067,00:00:17.067,scene-3-answer
513,17.100,00:00:17.100,scene-3-answer
514,17.133,00:00:17.133,scene-3-answer
515,17.167,00:00:17.167,scene-3-answer
516,17.200,00:00:17.200,scene-3-answer
517,17.233,00:00:17.233,scene-3-answer
518,17.267,00:00:17.267,scene-3-answer
519,17.300,00:00:17.300,scene-3-answer
520,17.333,00:00:17.333,scene-3-answer
521,17.367,00:00:17.367,scene-3-answer
522,17.400,00:00:17.400,scene-3-answer
523,17.433,00:00:17.433,scene-3-answer
524,17.467,00:00:17.467,scene-3-answer
525,17.500,00:00:17.500,scene-3-answer
526,17.533,00:00:17.533,scene-3-answer
527,17.567,00:00:17.567,scene-3-answer
528,17.600,00:00:17.600,scene-3-answer
529,17.633,00:00:17.633,scene-3-answer
530,17.667,00:00:17.667,scene-3-answer
531,17.700,00:00:17.700,scene-3-answer
532,17.733,00:00:17.733,scene-3-answer
533,17.767,00:00:17.767,scene-3-answer
534,17.800,00:00:17.800,scene-3-answer
535,17.833,00:00:17.833,scene-3-answer
536,17.867,00:00:17.867,scene-3-answer
537,17.900,00:00:17.900,scene-3-answer
538,17.933,00:00:17.933,scene-3-answer
539,17.967,00:00:17.967,scene-3-answer
540,18.000,00:00:18.000,scene-3-answer
541,18.033,00:00:18.033,scene-3-answer
542,18.067,00:00:18.067,scene-3-answer
543,18.100,00:00:18.100,scene-3-answer
544,18.133,00:00:18.133,scene-3-answer
545,18.167,00:00:18.167,scene-3-answer
546,18.200,00:00:18.200,scene-3-answer
547,18.233,00:00:18.233,scene-3-answer
548,18.267,00:00:18.267,scene-3-answer
549,18.300,00:00:18.300,scene-3-answer
550,18.333,00:00:18.333,scene-3-answer
551,18.367,00:00:18.367,scene-3-answer
552,18.400,00:00:18.400,scene-3-answer
553,18.433,00:00:18.433,scene-3-answer
554,18.467,00:00:18.467,scene-3-answer
555,18.500,00:00:18.500,scene-3-answer
556,18.533,00:00:18.533,scene-3-answer
557,18.567,00:00:18.567,scene-3-answer
558,18.600,00:00:18.600,scene-3-answer
559,18.633,00:00:18.633,scene-3-answer
560,18.667,00:00:18.667,scene-3-answer
561,18.700,00:00:18.700,scene-3-answer
562,18.733,00:00:18.733,scene-3-answer
563,18.767,00:00:18.767,scene-3-answer
564,18.800,00:00:18.800,scene-3-answer
565,18.833,00:00:18.833,scene-3-answer
566,18.867,00:00:18.867,scene-3-answer
567,18.900,00:00:18.900,scene-3-answer
568,18.933,00:00:18.933,scene-3-answer
569,18.967,00:00:18.967,scene-3-answer
570,19.000,00:00:19.000,scene-3-answer
571,19.033,00:00:19.033,scene-3-answer
572,19.067,00:00:19.067,scene-3-answer
573,19.100,00:00:19.100,scene-3-answer
574,19.133,00:00:19.133,scene-3-answer
575,19.167,00:00:19.167,scene-3-answer
576,19.200,00:00:19.200,scene-3-answer
577,19.233,00:00:19.233,scene-3-answer
578,19.267,00:00:19.267,scene-3-answer
579,19.300,00:00:19.300,scene-3-answer
580,19.333,00:00:19.333,scene-3-answer
581,19.367,00:00:19.367,scene-3-answer
582,19.400,00:00:19.400,scene-3-answer
583,19.433,00:00:19.433,scene-3-answer
584,19.467,00:00:19.467,scene-3-answer
585,19.500,00:00:19.500,scene-3-answer
586,19.533,00:00:19.533,scene-3-answer
587,19.567,00:00:19.567,scene-3-answer
588,19.600,00:00:19.600,scene-3-answer
589,19.633,00:00:19.633,scene-3-answer
590,19.667,00:00:19.667,scene-3-answer
591,19.700,00:00:19.700,scene-3-answer
592,19.733,00:00:19.733,scene-3-answer
593,19.767,00:00:19.767,scene-3-answer
594,19.800,00:00:19.800,scene-3-answer
595,19.833,00:00:19.833,scene-3-answer
596,19.867,00:00:19.867,scene-3-answer
597,19.900,00:00:19.900,scene-3-answer
598,19.933,00:00:19.933,scene-3-answer
599,19.967,00:00:19.967,scene-3-answer
600,20.000,00:00:20.000,scene-3-answer
601,20.033,00:00:20.033,scene-3-answer
602,20.067,00:00:20.067,scene-3-answer
603,20.100,00:00:20.100,scene-3-answer
604,20.133,00:00:20.133,scene-3-answer
605,20.167,00:00:20.167,scene-3-answer
606,20.200,00:00:20.200,scene-3-answer
607,20.233,00:00:20.233,scene-3-answer
608,20.267,00:00:20.267,scene-3-answer
609,20.300,00:00:20.300,scene-3-answer
610,20.333,00:00:20.333,scene-3-answer
611,20.367,00:00:20.367,scene-3-answer
612,20.400,00:00:20.400,scene-3-answer
613,20.433,00:00:20.433,scene-3-answer
614,20.467,00:00:20.467,scene-3-answer
615,20.500,00:00:20.500,scene-3-answer
616,20.533,00:00:20.533,scene-3-answer
617,20.567,00:00:20.567,scene-3-answer
618,20.600,00:00:20.600,scene-3-answer
619,20.633,00:00:20.633,scene-3-answer
620,20.667,00:00:20.667,scene-3-answer
621,20.700,00:00:20.700,scene-3-answer
622,20.733,00:00:20.733,scene-3-answer
623,20.767,00:00:20.767,scene-3-answer
624,20.800,00:00:20.800,scene-3-answer
625,20.833,00:00:20.833,scene-3-answer
626,20.867,00:00:20.867,scene-3-answer
627,20.900,00:00:20.900,scene-3-answer
628,20.933,00:00:20.933,scene-3-answer
629,20.967,00:00:20.967,scene-3-answer
630,21.000,00:00:21.000,scene-3-answer
631,21.033,00:00:21.033,scene-3-answer
632,21.067,00:00:21.067,scene-3-answer
633,21.100,00:00:21.100,scene-3-answer
634,21.133,00:00:21.133,scene-3-answer
635,21.167,00:00:21.167,scene-3-answer
636,21.200,00:00:21.200,scene-4-repeat
637,21.233,00:00:21.233,scene-4-repeat
638,21.267,00:00:21.267,scene-4-repeat
639,21.300,00:00:21.300,scene-4-repeat
640,21.333,00:00:21.333,scene-4-repeat
641,21.367,00:00:21.367,scene-4-repeat
642,21.400,00:00:21.400,scene-4-repeat
643,21.433,00:00:21.433,scene-4-repeat
644,21.467,00:00:21.467,scene-4-repeat
645,21.500,00:00:21.500,scene-4-repeat
646,21.533,00:00:21.533,scene-4-repeat
647,21.567,00:00:21.567,scene-4-repeat
648,21.600,00:00:21.600,scene-4-repeat
649,21.633,00:00:21.633,scene-4-repeat
650,21.667,00:00:21.667,scene-4-repeat
651,21.700,00:00:21.700,scene-4-repeat
652,21.733,00:00:21.733,scene-4-repeat
653,21.767,00:00:21.767,scene-4-repeat
654,21.800,00:00:21.800,scene-4-repeat
655,21.833,00:00:21.833,scene-4-repeat
656,21.867,00:00:21.867,scene-4-repeat
657,21.900,00:00:21.900,scene-4-repeat
658,21.933,00:00:21.933,scene-4-repeat
659,21.967,00:00:21.967,scene-4-repeat
660,22.000,00:00:22.000,scene-4-repeat
661,22.033,00:00:22.033,scene-4-repeat
662,22.067,00:00:22.067,scene-4-repeat
663,22.100,00:00:22.100,scene-4-repeat
664,22.133,00:00:22.133,scene-4-repeat
665,22.167,00:00:22.167,scene-4-repeat
666,22.200,00:00:22.200,scene-4-repeat
667,22.233,00:00:22.233,scene-4-repeat
668,22.267,00:00:22.267,scene-4-repeat
669,22.300,00:00:22.300,scene-4-repeat
670,22.333,00:00:22.333,scene-4-repeat
671,22.367,00:00:22.367,scene-4-repeat
672,22.400,00:00:22.400,scene-4-repeat
673,22.433,00:00:22.433,scene-4-repeat
674,22.467,00:00:22.467,scene-4-repeat
675,22.500,00:00:22.500,scene-4-repeat
676,22.533,00:00:22.533,scene-4-repeat
677,22.567,00:00:22.567,scene-4-repeat
678,22.600,00:00:22.600,scene-4-repeat
679,22.633,00:00:22.633,scene-4-repeat
680,22.667,00:00:22.667,scene-4-repeat
681,22.700,00:00:22.700,scene-4-repeat
682,22.733,00:00:22.733,scene-4-repeat
683,22.767,00:00:22.767,scene-4-repeat
684,22.800,00:00:22.800,scene-4-repeat
685,22.833,00:00:22.833,scene-4-repeat
686,22.867,00:00:22.867,scene-4-repeat
687,22.900,00:00:22.900,scene-4-repeat
688,22.933,00:00:22.933,scene-4-repeat
689,22.967,00:00:22.967,scene-4-repeat
690,23.000,00:00:23.000,scene-4-repeat
691,23.033,00:00:23.033,scene-4-repeat
692,23.067,00:00:23.067,scene-4-repeat
693,23.100,00:00:23.100,scene-4-repeat
694,23.133,00:00:23.133,scene-4-repeat
695,23.167,00:00:23.167,scene-4-repeat
696,23.200,00:00:23.200,scene-4-repeat
697,23.233,00:00:23.233,scene-4-repeat
698,23.267,00:00:23.267,scene-4-repeat
699,23.300,00:00:23.300,scene-4-repeat
700,23.333,00:00:23.333,scene-4-repeat
701,23.367,00:00:23.367,scene-4-repeat
702,23.400,00:00:23.400,scene-4-repeat
703,23.433,00:00:23.433,scene-4-repeat
704,23.467,00:00:23.467,scene-4-repeat
705,23.500,00:00:23.500,scene-4-repeat
706,23.533,00:00:23.533,scene-4-repeat
707,23.567,00:00:23.567,scene-4-repeat
708,23.600,00:00:23.600,scene-4-repeat
709,23.633,00:00:23.633,scene-4-repeat
710,23.667,00:00:23.667,scene-4-repeat
711,23.700,00:00:23.700,scene-4-repeat
712,23.733,00:00:23.733,scene-4-repeat
713,23.767,00:00:23.767,scene-4-repeat
714,23.800,00:00:23.800,scene-4-repeat
715,23.833,00:00:23.833,scene-4-repeat
716,23.867,00:00:23.867,scene-4-repeat
717,23.900,00:00:23.900,scene-4-repeat
718,23.933,00:00:23.933,scene-4-repeat
719,23.967,00:00:23.967,scene-4-repeat
720,24.000,00:00:24.000,scene-4-repeat
721,24.033,00:00:24.033,scene-4-repeat
722,24.067,00:00:24.067,scene-4-repeat
723,24.100,00:00:24.100,scene-4-repeat
724,24.133,00:00:24.133,scene-4-repeat
725,24.167,00:00:24.167,scene-4-repeat
726,24.200,00:00:24.200,scene-4-repeat
727,24.233,00:00:24.233,scene-4-repeat
728,24.267,00:00:24.267,scene-4-repeat
729,24.300,00:00:24.300,scene-4-repeat
730,24.333,00:00:24.333,scene-4-repeat
731,24.367,00:00:24.367,scene-4-repeat
732,24.400,00:00:24.400,scene-4-repeat
733,24.433,00:00:24.433,scene-4-repeat
734,24.467,00:00:24.467,scene-4-repeat
735,24.500,00:00:24.500,scene-4-repeat
736,24.533,00:00:24.533,scene-4-repeat
737,24.567,00:00:24.567,scene-4-repeat
738,24.600,00:00:24.600,scene-4-repeat
739,24.633,00:00:24.633,scene-4-repeat
740,24.667,00:00:24.667,scene-4-repeat
741,24.700,00:00:24.700,scene-4-repeat
742,24.733,00:00:24.733,scene-4-repeat
743,24.767,00:00:24.767,scene-4-repeat
744,24.800,00:00:24.800,scene-4-repeat
745,24.833,00:00:24.833,scene-4-repeat
746,24.867,00:00:24.867,scene-4-repeat
747,24.900,00:00:24.900,scene-4-repeat
748,24.933,00:00:24.933,scene-4-repeat
749,24.967,00:00:24.967,scene-4-repeat
750,25.000,00:00:25.000,scene-4-repeat
751,25.033,00:00:25.033,scene-4-repeat
752,25.067,00:00:25.067,scene-4-repeat
753,25.100,00:00:25.100,scene-4-repeat
754,25.133,00:00:25.133,scene-4-repeat
755,25.167,00:00:25.167,scene-4-repeat
756,25.200,00:00:25.200,scene-4-repeat
757,25.233,00:00:25.233,scene-4-repeat
758,25.267,00:00:25.267,scene-4-repeat
759,25.300,00:00:25.300,scene-4-repeat
760,25.333,00:00:25.333,scene-4-repeat
761,25.367,00:00:25.367,scene-4-repeat
762,25.400,00:00:25.400,scene-4-repeat
763,25.433,00:00:25.433,scene-4-repeat
764,25.467,00:00:25.467,scene-4-repeat
765,25.500,00:00:25.500,scene-4-repeat
766,25.533,00:00:25.533,scene-4-repeat
767,25.567,00:00:25.567,scene-4-repeat
768,25.600,00:00:25.600,scene-4-repeat
769,25.633,00:00:25.633,scene-4-repeat
770,25.667,00:00:25.667,scene-4-repeat
771,25.700,00:00:25.700,scene-4-repeat
772,25.733,00:00:25.733,scene-4-repeat
773,25.767,00:00:25.767,scene-4-repeat
774,25.800,00:00:25.800,scene-4-repeat
775,25.833,00:00:25.833,scene-4-repeat
776,25.867,00:00:25.867,scene-4-repeat
777,25.900,00:00:25.900,scene-4-repeat
778,25.933,00:00:25.933,scene-4-repeat
779,25.967,00:00:25.967,scene-4-repeat
780,26.000,00:00:26.000,scene-4-repeat
781,26.033,00:00:26.033,scene-4-repeat
782,26.067,00:00:26.067,scene-4-repeat
783,26.100,00:00:26.100,scene-4-repeat
784,26.133,00:00:26.133,scene-4-repeat
785,26.167,00:00:26.167,scene-4-repeat
786,26.200,00:00:26.200,scene-4-repeat
787,26.233,00:00:26.233,scene-4-repeat
788,26.267,00:00:26.267,scene-4-repeat
789,26.300,00:00:26.300,scene-4-repeat
790,26.333,00:00:26.333,scene-4-repeat
791,26.367,00:00:26.367,scene-4-repeat
792,26.400,00:00:26.400,scene-4-repeat
793,26.433,00:00:26.433,scene-4-repeat
794,26.467,00:00:26.467,scene-4-repeat
795,26.500,00:00:26.500,scene-4-repeat
796,26.533,00:00:26.533,scene-4-repeat
797,26.567,00:00:26.567,scene-4-repeat
798,26.600,00:00:26.600,scene-4-repeat
799,26.633,00:00:26.633,scene-4-repeat
800,26.667,00:00:26.667,scene-4-repeat
801,26.700,00:00:26.700,scene-4-repeat
802,26.733,00:00:26.733,scene-4-repeat
803,26.767,00:00:26.767,scene-4-repeat
804,26.800,00:00:26.800,scene-4-repeat
805,26.833,00:00:26.833,scene-4-repeat
806,26.867,00:00:26.867,scene-4-repeat
807,26.900,00:00:26.900,scene-4-repeat
808,26.933,00:00:26.933,scene-4-repeat
809,26.967,00:00:26.967,scene-4-repeat
810,27.000,00:00:27.000,scene-4-repeat
811,27.033,00:00:27.033,scene-4-repeat
812,27.067,00:00:27.067,scene-4-repeat
813,27.100,00:00:27.100,scene-4-repeat
814,27.133,00:00:27.133,scene-4-repeat
815,27.167,00:00:27.167,scene-4-repeat
816,27.200,00:00:27.200,scene-4-repeat
817,27.233,00:00:27.233,scene-4-repeat
818,27.267,00:00:27.267,scene-4-repeat
819,27.300,00:00:27.300,scene-4-repeat
820,27.333,00:00:27.333,scene-4-repeat
821,27.367,00:00:27.367,scene-4-repeat
822,27.400,00:00:27.400,scene-4-repeat
823,27.433,00:00:27.433,scene-4-repeat
824,27.467,00:00:27.467,scene-4-repeat
825,27.500,00:00:27.500,scene-4-repeat
826,27.533,00:00:27.533,scene-4-repeat
827,27.567,00:00:27.567,scene-4-repeat
828,27.600,00:00:27.600,scene-4-repeat
829,27.633,00:00:27.633,scene-4-repeat
830,27.667,00:00:27.667,scene-4-repeat
831,27.700,00:00:27.700,scene-4-repeat
832,27.733,00:00:27.733,scene-4-repeat
833,27.767,00:00:27.767,scene-4-repeat
834,27.800,00:00:27.800,scene-4-repeat
835,27.833,00:00:27.833,scene-4-repeat
836,27.867,00:00:27.867,scene-4-repeat
837,27.900,00:00:27.900,scene-4-repeat
838,27.933,00:00:27.933,scene-4-repeat
839,27.967,00:00:27.967,scene-4-repeat
840,28.000,00:00:28.000,scene-4-repeat
841,28.033,00:00:28.033,scene-4-repeat
842,28.067,00:00:28.067,scene-4-repeat
843,28.100,00:00:28.100,scene-4-repeat
844,28.133,00:00:28.133,scene-4-repeat
845,28.167,00:00:28.167,scene-4-repeat
846,28.200,00:00:28.200,scene-4-repeat
847,28.233,00:00:28.233,scene-4-repeat
848,28.267,00:00:28.267,scene-4-repeat
849,28.300,00:00:28.300,scene-4-repeat
850,28.333,00:00:28.333,scene-4-repeat
851,28.367,00:00:28.367,scene-4-repeat
852,28.400,00:00:28.400,scene-4-repeat
853,28.433,00:00:28.433,scene-4-repeat
854,28.467,00:00:28.467,scene-4-repeat
855,28.500,00:00:28.500,scene-4-repeat
856,28.533,00:00:28.533,scene-4-repeat
857,28.567,00:00:28.567,scene-4-repeat
858,28.600,00:00:28.600,scene-4-repeat
859,28.633,00:00:28.633,scene-4-repeat
860,28.667,00:00:28.667,scene-4-repeat
861,28.700,00:00:28.700,scene-4-repeat
862,28.733,00:00:28.733,scene-4-repeat
863,28.767,00:00:28.767,scene-4-repeat
864,28.800,00:00:28.800,scene-4-repeat
865,28.833,00:00:28.833,scene-4-repeat
866,28.867,00:00:28.867,scene-4-repeat
867,28.900,00:00:28.900,scene-4-repeat
868,28.933,00:00:28.933,scene-4-repeat
869,28.967,00:00:28.967,scene-4-repeat
870,29.000,00:00:29.000,scene-4-repeat
871,29.033,00:00:29.033,scene-4-repeat
872,29.067,00:00:29.067,scene-4-repeat
873,29.100,00:00:29.100,scene-4-repeat
874,29.133,00:00:29.133,scene-4-repeat
875,29.167,00:00:29.167,scene-4-repeat
876,29.200,00:00:29.200,scene-4-repeat
877,29.233,00:00:29.233,scene-4-repeat
878,29.267,00:00:29.267,scene-4-repeat
879,29.300,00:00:29.300,scene-4-repeat
880,29.333,00:00:29.333,scene-4-repeat
881,29.367,00:00:29.367,scene-4-repeat
882,29.400,00:00:29.400,scene-4-repeat
883,29.433,00:00:29.433,scene-4-repeat
884,29.467,00:00:29.467,scene-4-repeat
885,29.500,00:00:29.500,scene-4-repeat
886,29.533,00:00:29.533,scene-4-repeat
887,29.567,00:00:29.567,scene-4-repeat
888,29.600,00:00:29.600,scene-4-repeat
889,29.633,00:00:29.633,scene-4-repeat
890,29.667,00:00:29.667,scene-4-repeat
891,29.700,00:00:29.700,scene-4-repeat
892,29.733,00:00:29.733,scene-4-repeat
893,29.767,00:00:29.767,scene-4-repeat
894,29.800,00:00:29.800,scene-4-repeat
895,29.833,00:00:29.833,scene-4-repeat
896,29.867,00:00:29.867,scene-4-repeat
897,29.900,00:00:29.900,scene-4-repeat
898,29.933,00:00:29.933,scene-4-repeat
899,29.967,00:00:29.967,scene-4-repeat
900,30.000,00:00:30.000,scene-4-repeat
901,30.033,00:00:30.033,scene-4-repeat
902,30.067,00:00:30.067,scene-4-repeat
903,30.100,00:00:30.100,scene-4-repeat
904,30.133,00:00:30.133,scene-4-repeat
905,30.167,00:00:30.167,scene-4-repeat
906,30.200,00:00:30.200,scene-4-repeat
907,30.233,00:00:30.233,scene-4-repeat
908,30.267,00:00:30.267,scene-4-repeat
909,30.300,00:00:30.300,scene-4-repeat
910,30.333,00:00:30.333,scene-4-repeat
911,30.367,00:00:30.367,scene-4-repeat
912,30.400,00:00:30.400,scene-4-repeat
913,30.433,00:00:30.433,scene-4-repeat
914,30.467,00:00:30.467,scene-4-repeat
915,30.500,00:00:30.500,scene-4-repeat
916,30.533,00:00:30.533,scene-4-repeat
917,30.567,00:00:30.567,scene-4-repeat
918,30.600,00:00:30.600,scene-4-repeat
919,30.633,00:00:30.633,scene-4-repeat
920,30.667,00:00:30.667,scene-4-repeat
921,30.700,00:00:30.700,scene-4-repeat
922,30.733,00:00:30.733,scene-4-repeat
923,30.767,00:00:30.767,scene-4-repeat
924,30.800,00:00:30.800,scene-4-repeat
925,30.833,00:00:30.833,scene-4-repeat
926,30.867,00:00:30.867,scene-4-repeat
927,30.900,00:00:30.900,scene-4-repeat
928,30.933,00:00:30.933,scene-4-repeat
929,30.967,00:00:30.967,scene-4-repeat
930,31.000,00:00:31.000,scene-4-repeat
931,31.033,00:00:31.033,scene-4-repeat
932,31.067,00:00:31.067,scene-4-repeat
933,31.100,00:00:31.100,scene-4-repeat
934,31.133,00:00:31.133,scene-4-repeat
935,31.167,00:00:31.167,scene-4-repeat
936,31.200,00:00:31.200,scene-4-repeat
937,31.233,00:00:31.233,scene-4-repeat
938,31.267,00:00:31.267,scene-4-repeat
939,31.300,00:00:31.300,scene-4-repeat
940,31.333,00:00:31.333,scene-4-repeat
941,31.367,00:00:31.367,scene-4-repeat
942,31.400,00:00:31.400,scene-4-repeat
943,31.433,00:00:31.433,scene-4-repeat
944,31.467,00:00:31.467,scene-4-repeat
945,31.500,00:00:31.500,scene-4-repeat
946,31.533,00:00:31.533,scene-4-repeat
947,31.567,00:00:31.567,scene-4-repeat
948,31.600,00:00:31.600,scene-4-repeat
949,31.633,00:00:31.633,scene-4-repeat
950,31.667,00:00:31.667,scene-4-repeat
951,31.700,00:00:31.700,scene-4-repeat
952,31.733,00:00:31.733,scene-4-repeat
953,31.767,00:00:31.767,scene-4-repeat
954,31.800,00:00:31.800,scene-4-repeat
955,31.833,00:00:31.833,scene-4-repeat
956,31.867,00:00:31.867,scene-4-repeat
957,31.900,00:00:31.900,scene-4-repeat
958,31.933,00:00:31.933,scene-4-repeat
959,31.967,00:00:31.967,scene-4-repeat
960,32.000,00:00:32.000,scene-4-repeat
961,32.033,00:00:32.033,scene-4-repeat
962,32.067,00:00:32.067,scene-4-repeat
963,32.100,00:00:32.100,scene-4-repeat
964,32.133,00:00:32.133,scene-4-repeat
965,32.167,00:00:32.167,scene-4-repeat
966,32.200,00:00:32.200,scene-4-repeat
967,32.233,00:00:32.233,scene-4-repeat
968,32.267,00:00:32.267,scene-4-repeat
969,32.300,00:00:32.300,scene-4-repeat
970,32.333,00:00:32.333,scene-4-repeat
971,32.367,00:00:32.367,scene-4-repeat
972,32.400,00:00:32.400,scene-4-repeat
973,32.433,00:00:32.433,scene-4-repeat
974,32.467,00:00:32.467,scene-4-repeat
975,32.500,00:00:32.500,scene-4-repeat
976,32.533,00:00:32.533,scene-4-repeat
977,32.567,00:00:32.567,scene-4-repeat
978,32.600,00:00:32.600,scene-4-repeat
979,32.633,00:00:32.633,scene-4-repeat
980,32.667,00:00:32.667,scene-4-repeat
981,32.700,00:00:32.700,scene-4-repeat
982,32.733,00:00:32.733,scene-4-repeat
983,32.767,00:00:32.767,scene-4-repeat
984,32.800,00:00:32.800,scene-4-repeat
985,32.833,00:00:32.833,scene-4-repeat
986,32.867,00:00:32.867,scene-4-repeat
987,32.900,00:00:32.900,scene-4-repeat
988,32.933,00:00:32.933,scene-4-repeat
989,32.967,00:00:32.967,scene-4-repeat
990,33.000,00:00:33.000,scene-4-repeat
991,33.033,00:00:33.033,scene-4-repeat
992,33.067,00:00:33.067,scene-4-repeat
993,33.100,00:00:33.100,scene-4-repeat
994,33.133,00:00:33.133,scene-4-repeat
995,33.167,00:00:33.167,scene-4-repeat
996,33.200,00:00:33.200,scene-4-repeat
997,33.233,00:00:33.233,scene-4-repeat
998,33.267,00:00:33.267,scene-4-repeat
999,33.300,00:00:33.300,scene-4-repeat
1000,33.333,00:00:33.333,scene-4-repeat
1001,33.367,00:00:33.367,scene-4-repeat
1002,33.400,00:00:33.400,scene-4-repeat
1003,33.433,00:00:33.433,scene-4-repeat
1004,33.467,00:00:33.467,scene-4-repeat
1005,33.500,00:00:33.500,scene-4-repeat
1006,33.533,00:00:33.533,scene-4-repeat
1007,33.567,00:00:33.567,scene-4-repeat
1008,33.600,00:00:33.600,scene-4-repeat
1009,33.633,00:00:33.633,scene-4-repeat
1010,33.667,00:00:33.667,scene-4-repeat
1011,33.700,00:00:33.700,scene-4-repeat
1012,33.733,00:00:33.733,scene-4-repeat
1013,33.767,00:00:33.767,scene-4-repeat
1014,33.800,00:00:33.800,scene-4-repeat
1015,33.833,00:00:33.833,scene-4-repeat
1016,33.867,00:00:33.867,scene-4-repeat
1017,33.900,00:00:33.900,scene-4-repeat
1018,33.933,00:00:33.933,scene-4-repeat
1019,33.967,00:00:33.967,scene-4-repeat
1020,34.000,00:00:34.000,scene-4-repeat
1021,34.033,00:00:34.033,scene-4-repeat
1022,34.067,00:00:34.067,scene-4-repeat
1023,34.100,00:00:34.100,scene-4-repeat
1024,34.133,00:00:34.133,scene-4-repeat
1025,34.167,00:00:34.167,scene-4-repeat
1026,34.200,00:00:34.200,scene-4-repeat
1027,34.233,00:00:34.233,scene-4-repeat
1028,34.267,00:00:34.267,scene-4-repeat
1029,34.300,00:00:34.300,scene-4-repeat
1030,34.333,00:00:34.333,scene-4-repeat
1031,34.367,00:00:34.367,scene-4-repeat
1032,34.400,00:00:34.400,scene-4-repeat
1033,34.433,00:00:34.433,scene-4-repeat
1034,34.467,00:00:34.467,scene-4-repeat
1035,34.500,00:00:34.500,scene-4-repeat
1036,34.533,00:00:34.533,scene-4-repeat
1037,34.567,00:00:34.567,scene-4-repeat
1038,34.600,00:00:34.600,scene-4-repeat
1039,34.633,00:00:34.633,scene-4-repeat
1040,34.667,00:00:34.667,scene-4-repeat
1041,34.700,00:00:34.700,scene-4-repeat
1042,34.733,00:00:34.733,scene-4-repeat
1043,34.767,00:00:34.767,scene-4-repeat
1044,34.800,00:00:34.800,scene-4-repeat
1045,34.833,00:00:34.833,scene-4-repeat
1046,34.867,00:00:34.867,scene-4-repeat
1047,34.900,00:00:34.900,scene-4-repeat
1048,34.933,00:00:34.933,scene-4-repeat
1049,34.967,00:00:34.967,scene-4-repeat
1050,35.000,00:00:35.000,scene-4-repeat
1051,35.033,00:00:35.033,scene-4-repeat
1052,35.067,00:00:35.067,scene-4-repeat
1053,35.100,00:00:35.100,scene-4-repeat
1054,35.133,00:00:35.133,scene-4-repeat
1055,35.167,00:00:35.167,scene-4-repeat
1056,35.200,00:00:35.200,scene-4-repeat
1057,35.233,00:00:35.233,scene-4-repeat
1058,35.267,00:00:35.267,scene-4-repeat
1059,35.300,00:00:35.300,scene-4-repeat
1060,35.333,00:00:35.333,scene-4-repeat
1061,35.367,00:00:35.367,scene-4-repeat
1062,35.400,00:00:35.400,scene-4-repeat
1063,35.433,00:00:35.433,scene-4-repeat
1064,35.467,00:00:35.467,scene-4-repeat
1065,35.500,00:00:35.500,scene-4-repeat
1066,35.533,00:00:35.533,scene-4-repeat
1067,35.567,00:00:35.567,scene-4-repeat
1068,35.600,00:00:35.600,scene-4-repeat
1069,35.633,00:00:35.633,scene-4-repeat
1070,35.667,00:00:35.667,scene-4-repeat
1071,35.700,00:00:35.700,scene-4-repeat
1072,35.733,00:00:35.733,scene-4-repeat
1073,35.767,00:00:35.767,scene-4-repeat
1074,35.800,00:00:35.800,scene-4-repeat
1075,35.833,00:00:35.833,scene-4-repeat
1076,35.867,00:00:35.867,scene-4-repeat
1077,35.900,00:00:35.900,scene-4-repeat
1078,35.933,00:00:35.933,scene-4-repeat
1079,35.967,00:00:35.967,scene-4-repeat
1080,36.000,00:00:36.000,scene-4-repeat
1081,36.033,00:00:36.033,scene-4-repeat
1082,36.067,00:00:36.067,scene-4-repeat
1083,36.100,00:00:36.100,scene-4-repeat
1084,36.133,00:00:36.133,scene-4-repeat
1085,36.167,00:00:36.167,scene-4-repeat
1086,36.200,00:00:36.200,scene-4-repeat
1087,36.233,00:00:36.233,scene-4-repeat
1088,36.267,00:00:36.267,scene-4-repeat
1089,36.300,00:00:36.300,scene-4-repeat
1090,36.333,00:00:36.333,scene-4-repeat
1091,36.367,00:00:36.367,scene-4-repeat
1092,36.400,00:00:36.400,scene-4-repeat
1093,36.433,00:00:36.433,scene-4-repeat
1094,36.467,00:00:36.467,scene-4-repeat
1095,36.500,00:00:36.500,scene-4-repeat
1096,36.533,00:00:36.533,scene-4-repeat
1097,36.567,00:00:36.567,scene-4-repeat
1098,36.600,00:00:36.600,scene-4-repeat
1099,36.633,00:00:36.633,scene-4-repeat
1100,36.667,00:00:36.667,scene-4-repeat
1101,36.700,00:00:36.700,scene-4-repeat
1102,36.733,00:00:36.733,scene-4-repeat
1103,36.767,00:00:36.767,scene-4-repeat
1104,36.800,00:00:36.800,scene-4-repeat
1105,36.833,00:00:36.833,scene-4-repeat
1106,36.867,00:00:36.867,scene-4-repeat
1107,36.900,00:00:36.900,scene-4-repeat
1108,36.933,00:00:36.933,scene-4-repeat
1109,36.967,00:00:36.967,scene-4-repeat
1110,37.000,00:00:37.000,scene-4-repeat
1111,37.033,00:00:37.033,scene-4-repeat
1112,37.067,00:00:37.067,scene-4-repeat
1113,37.100,00:00:37.100,scene-4-repeat
1114,37.133,00:00:37.133,scene-4-repeat
1115,37.167,00:00:37.167,scene-4-repeat
1116,37.200,00:00:37.200,scene-4-repeat
1117,37.233,00:00:37.233,scene-4-repeat
1118,37.267,00:00:37.267,scene-4-repeat
1119,37.300,00:00:37.300,scene-4-repeat
1120,37.333,00:00:37.333,scene-4-repeat
1121,37.367,00:00:37.367,scene-4-repeat
1122,37.400,00:00:37.400,scene-4-repeat
1123,37.433,00:00:37.433,scene-4-repeat
1124,37.467,00:00:37.467,scene-4-repeat
1125,37.500,00:00:37.500,scene-4-repeat
1126,37.533,00:00:37.533,scene-4-repeat
1127,37.567,00:00:37.567,scene-4-repeat
1128,37.600,00:00:37.600,scene-5-ending
1129,37.633,00:00:37.633,scene-5-ending
1130,37.667,00:00:37.667,scene-5-ending
1131,37.700,00:00:37.700,scene-5-ending
1132,37.733,00:00:37.733,scene-5-ending
1133,37.767,00:00:37.767,scene-5-ending
1134,37.800,00:00:37.800,scene-5-ending
1135,37.833,00:00:37.833,scene-5-ending
1136,37.867,00:00:37.867,scene-5-ending
1137,37.900,00:00:37.900,scene-5-ending
1138,37.933,00:00:37.933,scene-5-ending
1139,37.967,00:00:37.967,scene-5-ending
1140,38.000,00:00:38.000,scene-5-ending
1141,38.033,00:00:38.033,scene-5-ending
1142,38.067,00:00:38.067,scene-5-ending
1143,38.100,00:00:38.100,scene-5-ending
1144,38.133,00:00:38.133,scene-5-ending
1145,38.167,00:00:38.167,scene-5-ending
1146,38.200,00:00:38.200,scene-5-ending
1147,38.233,00:00:38.233,scene-5-ending
1148,38.267,00:00:38.267,scene-5-ending
1149,38.300,00:00:38.300,scene-5-ending
1150,38.333,00:00:38.333,scene-5-ending
1151,38.367,00:00:38.367,scene-5-ending
1152,38.400,00:00:38.400,scene-5-ending
1153,38.433,00:00:38.433,scene-5-ending
1154,38.467,00:00:38.467,scene-5-ending
1155,38.500,00:00:38.500,scene-5-ending
1156,38.533,00:00:38.533,scene-5-ending
1157,38.567,00:00:38.567,scene-5-ending
1158,38.600,00:00:38.600,scene-5-ending
1159,38.633,00:00:38.633,scene-5-ending
1160,38.667,00:00:38.667,scene-5-ending
1161,38.700,00:00:38.700,scene-5-ending
1162,38.733,00:00:38.733,scene-5-ending
1163,38.767,00:00:38.767,scene-5-ending
1164,38.800,00:00:38.800,scene-5-ending
1165,38.833,00:00:38.833,scene-5-ending
1166,38.867,00:00:38.867,scene-5-ending
1167,38.900,00:00:38.900,scene-5-ending
1168,38.933,00:00:38.933,scene-5-ending
1169,38.967,00:00:38.967,scene-5-ending
1170,39.000,00:00:39.000,scene-5-ending
1171,39.033,00:00:39.033,scene-5-ending
1172,39.067,00:00:39.067,scene-5-ending
1173,39.100,00:00:39.100,scene-5-ending
1174,39.133,00:00:39.133,scene-5-ending
1175,39.167,00:00:39.167,scene-5-ending
1176,39.200,00:00:39.200,scene-5-ending
1177,39.233,00:00:39.233,scene-5-ending
1178,39.267,00:00:39.267,scene-5-ending
1179,39.300,00:00:39.300,scene-5-ending
1180,39.333,00:00:39.333,scene-5-ending
1181,39.367,00:00:39.367,scene-5-ending
1182,39.400,00:00:39.400,scene-5-ending
1183,39.433,00:00:39.433,scene-5-ending
1184,39.467,00:00:39.467,scene-5-ending
1185,39.500,00:00:39.500,scene-5-ending
1186,39.533,00:00:39.533,scene-5-ending
1187,39.567,00:00:39.567,scene-5-ending
1188,39.600,00:00:39.600,scene-5-ending
1189,39.633,00:00:39.633,scene-5-ending
1190,39.667,00:00:39.667,scene-5-ending
1191,39.700,00:00:39.700,scene-5-ending
1192,39.733,00:00:39.733,scene-5-ending
1193,39.767,00:00:39.767,scene-5-ending
1194,39.800,00:00:39.800,scene-5-ending
1195,39.833,00:00:39.833,scene-5-ending
1196,39.867,00:00:39.867,scene-5-ending
1197,39.900,00:00:39.900,scene-5-ending
1198,39.933,00:00:39.933,scene-5-ending
1199,39.967,00:00:39.967,scene-5-ending
1200,40.000,00:00:40.000,scene-5-ending
1201,40.033,00:00:40.033,scene-5-ending
1202,40.067,00:00:40.067,scene-5-ending
1203,40.100,00:00:40.100,scene-5-ending
1204,40.133,00:00:40.133,scene-5-ending
1205,40.167,00:00:40.167,scene-5-ending
1206,40.200,00:00:40.200,scene-5-ending
1207,40.233,00:00:40.233,scene-5-ending
1208,40.267,00:00:40.267,scene-5-ending
1209,40.300,00:00:40.300,scene-5-ending
1210,40.333,00:00:40.333,scene-5-ending
1211,40.367,00:00:40.367,scene-5-ending
1212,40.400,00:00:40.400,scene-5-ending
1213,40.433,00:00:40.433,scene-5-ending
1214,40.467,00:00:40.467,scene-5-ending
1215,40.500,00:00:40.500,scene-5-ending
1216,40.533,00:00:40.533,scene-5-ending
1217,40.567,00:00:40.567,scene-5-ending
1218,40.600,00:00:40.600,scene-5-ending
1219,40.633,00:00:40.633,scene-5-ending
1220,40.667,00:00:40.667,scene-5-ending
1221,40.700,00:00:40.700,scene-5-ending
1222,40.733,00:00:40.733,scene-5-ending
1223,40.767,00:00:40.767,scene-5-ending
1224,40.800,00:00:40.800,scene-5-ending
1225,40.833,00:00:40.833,scene-5-ending
1226,40.867,00:00:40.867,scene-5-ending
1227,40.900,00:00:40.900,scene-5-ending
1228,40.933,00:00:40.933,scene-5-ending
1229,40.967,00:00:40.967,scene-5-ending
1230,41.000,00:00:41.000,scene-5-ending
1231,41.033,00:00:41.033,scene-5-ending
1232,41.067,00:00:41.067,scene-5-ending
1233,41.100,00:00:41.100,scene-5-ending
1234,41.133,00:00:41.133,scene-5-ending
1235,41.167,00:00:41.167,scene-5-ending
1236,41.200,00:00:41.200,scene-5-ending
1237,41.233,00:00:41.233,scene-5-ending
1238,41.267,00:00:41.267,scene-5-ending
1239,41.300,00:00:41.300,scene-5-ending
1240,41.333,00:00:41.333,scene-5-ending
1241,41.367,00:00:41.367,scene-5-ending
1242,41.400,00:00:41.400,scene-5-ending
1243,41.433,00:00:41.433,scene-5-ending
1244,41.467,00:00:41.467,scene-5-ending
1245,41.500,00:00:41.500,scene-5-ending
1246,41.533,00:00:41.533,scene-5-ending
1247,41.567,00:00:41.567,scene-5-ending
1248,41.600,00:00:41.600,scene-5-ending
1249,41.633,00:00:41.633,scene-5-ending
1250,41.667,00:00:41.667,scene-5-ending
1251,41.700,00:00:41.700,scene-5-ending
1252,41.733,00:00:41.733,scene-5-ending
1253,41.767,00:00:41.767,scene-5-ending
